职位,公司,薪酬,城市,发布日期,职位要求
Java高级开发工程师(职位编号：yafco000903),永安期货股份有限公司,15001-20000元/月,杭州,2017-12-20 08:34:50,"岗位职责:负责、参与永安期货及下属子公司自用金融软件的研发。任职资格:1.全日制大学计算机相关专业本科及以上学历，2年以上开发经验；2.掌握计算机理论知识，对面向对象程序设计和设计模式有自己独到的见解；3.精通java编程语言，掌握线程、socket、数据结构等通用应用技术概念；4.掌握spring、hibernate或mybatis框架开发，熟悉js、CSS、jsp、htm等前台脚本语言；5.熟悉velocity模板引擎；6.了解web service的实现原理，了解xml、json等序列化技术；7.掌握mysql、SQL Server、Oracle其中至少1种数据库开发技术；8.熟悉主流应用服务器，如tomcat、JBOSS、WebLogic、WebSphere中的至少一种；9.对互联网信息安全知识有一定的了解，并对开源前端框架技术有一定的认识；10.有金融领域实际项目开发经验者优先。11.简历投递后3周内未收到通知视为未通过筛选。工作地址：                            杭州                                                        查看职位地图"
高级java工程师,喜鹿华(杭州)网络科技有限公司,10000-20000元/月,杭州,2017-12-21 19:03:22,"杭州公司网站开发项目招CTO和java高级工程师，待遇面议，招聘要求:任职要求：高级软件工程师工作职责要求：1.	参与网站网络软件工程系统的设计、开发、测试等过程；2.	负责网站网络软件工程中主要功能的代码实现；3.	解决网站网络工程中的关键问题和技术难题；4.	保证网站网络软件项目工程的质量；5.	协调和参与和其它软件工程师协作工作；高级软件工程师职业素质要求：1.	在工作中获得的不属于公共范围的信息应予以保密；2.	在工作中编写的代码和文档应视为公司财产保管好；3.	不得有意破坏或挪用公司的文档资源和代码资源；4.	不得在程序中嵌入非法或不安全代码；5.	不使用非法或非合理渠道获得的软件；6.	在任何条件下不兼职从事与公司业务相关的事情；7.	不违背规定私自进入计算机系统；8.	不与陌生，不熟悉的非公司人员接触，交流和传递信息，泄漏公司商业秘密，更不得为获取私利而出卖商业秘密；高级软件工程师技能要求：1.	精通Unix/Linux/windows平台技术，常用命令、功能和Shell编程；2.	Java高级API、JVM及性能优化、Java Security、JDBC、Servlet/JSP、JNDI、JMS、JAAS、EJB3.0、JSF、JPA, Struts2.1.6、Hibernate3.2、Spring2.5、搜索引擎Lucene、工作流引擎JBPM 、Apache Commons核心组件、Ant、Junit、Log4j、OSCache、CGLib、FreeMarker、Jfreechart、Jasperreports；3.	Oracle，My SQL企业级数据库技术, 结构、Oracle高级编程、SQL语句及调优、数据库设计创建；4.	HTMLCSS高级技巧、JavaScript高级、Ajax、Jquery高级应用、DWR, WebLogic商用服务器安装、配置及管理、Jboss、安装、配置及管理；5.	SOA及云计算技术：WebService、分布式组件技术；6.	构建建安全网站网络软件解决方案； 高级软件工程师经验学历要求：1. 8年以上网站网络应用开发经验；2. 4年大容量、高性能、分布式系统开发经验； 3. 计算机博士或硕士学位优先（在读亦可）； 4. 其他面议工作地址：                            杭州市西湖区万塘路                                                        查看职位地图"
Android高级开发工程师(职位编号：yafco000905),永安期货股份有限公司,15001-20000元/月,杭州,2017-12-22 13:15:55,"岗位职责:负责、参与Android产品的研发。任职资格:1.2年以上Android平台开发经验，有至少2个项目以上的开发经验，能独立完成APP开发；2.熟悉Android OS系统体系结构、framework、以及底层库 ，熟悉Android平台UI设计，熟悉常用布局；3.熟悉Html/HTML5/CSS/JavaScript/Ajax等前端技术基础；4.熟悉ORACLE、MSSQL等其中一种主流数据库；5.解决问题能力强，有一定的技术嗅觉。可预见一些常见的技术隐患；6.至少有一个参与项目的产品已经正式商用;对主流的系统版本、机型、分辨率适配有经验;对主流移动机型、屏幕分辨率有了解；7.熟悉证券/期货/基金信托等金融业务者优先考虑。8.简历投递后3周内未收到通知视为未通过筛选。工作地址：                            杭州                                                        查看职位地图"
Python开发工程师,杭州飞享数据技术有限公司,15000-30000元/月,杭州,2017-12-22 16:42:34,"岗位职责：1.边缘计算平台核心业务的设计、开发和优化；2.维护和优化云端运维支撑系统；3.大数据分析平台的开发和维护；职位要求：1.3年以上python的实际项目开发经验；2.熟练使用Python标准库和流行的第三方库，掌握Flask/Django等至少一种Web框架；3.熟悉HTTP及TCP/IP协议；4.熟悉缓存服务（如Nginx/Squid/Varnish/TrafficServer等）的使用经验优先；5.有Hadoop/Elasticsearch/Hive/Hbase/Druid/Presto 使用经验优先；6.有开源项目贡献经历者最优先。工作地址：                            杭州市滨江区六合路368号海创基地                                                        查看职位地图"
Python工程师,上海怡科信息科技有限公司,6000-8000元/月,杭州,2017-12-21 17:53:43,"岗位职责:          1.后端实现，保障稳定性、性能。包括需求分析分解、设计、开发;2.与产品其他部分联动，使用规范的流程思维，定义接口设计并跟进完成;3.处理服务端开发中的常见问题;任职要求:         1.计算机等相关专业的专科以上学历； 2.熟练使用 Python 及 Linux环境，Redis、MySQL数据；3.熟悉敏捷开发；4.具备良好的团队合作和沟通能力，具备良好的学习钻研能力；5.优越的办公环境，朝九晚六周末双休，提供企业级的岗前培养福利；工作地址：                            就近安排                                                        查看职位地图"
高级开发工程师-Python/Java/Go(023411)(职位编号：JD023411),京东金融,面议,杭州,0002-01-01 00:00:00,"岗位职责:1、参与金融云分布式系统的开发，根据业务需求，能够完成从设计到开发的工作；2、参与负责各种SDN系统，云数据库系统以及其他类型云产品的管控架构，云平台OpenAPI 以及SDK的设计和定制开发，如RDS，Redis，云存储等等；3、研究私有云基础服务组件，解决共性需求，评估系统性能和运行状态，建立私有云量化指标，根据线上应用情况将应用从传统服务器迁移至私有云；4、梳理优化私有云平台的架构和稳定性；负责公司最前沿云技术研究及跟进。任职资格:1、本科及以上学历，5年以上工作经验或2年以上云计算行业工作经验；2、基本功扎实，熟练掌握常见的数据结构和算法；有较强的编码能力，熟悉Linux/Unix，熟练掌握Python、Java、Go中的一种语言，或者其他OO语言；3、有分布式系统开发，云计算经验者优先；4、熟悉开源虚拟化QEMU/KVM/LibVirt，对其有深入的了解；5、熟悉Docker，对各种应用向Docker迁移有一定的经验；搭建过Mesos、Marathon管理Docker或OpenStack管理Docker平台者优先。更多职位动态，敬请关注微信公众号“京东金融招聘”。工作地址：                            北京市大兴区亦庄京东大厦                                                        查看职位地图"
智能语义软件工程师（java或python）-杭州,恒生电子股份有限公司,15001-20000元/月,杭州,2017-12-21 10:50:37,"岗位职责：1.负责前端产品开发、语义服务接口研发和维护等；2.负责公司语言模型数据预处理、数据清洗、语料数据库维护等；3.负责其他智能语义产品相关开发和维护工作任职要求：1.本科及以上学历，计算机、数学等相关专业2.两年以上软件开发经验3.熟练掌握Python或Java语言进行软件开发4.有NLP、机器学习、大数据等开发经验的优先5.有相关竞赛/研究经历等优先6.善于思考，有较强的分析与解决问题的能力7.踏实，上进，有较强的沟通协作能力工作地址：                            杭州市滨江区江南大道3588号恒生大厦                                                        查看职位地图"
python开发工程师,中软国际科技服务有限公司深圳分公司,面议,杭州,0002-01-01 00:00:00,"职位说明： 基于微服务架构，开发各类 RESTful API基本要求：学习能力强阅读英文资料无障碍逻辑思维强执行力强，勤奋刻苦技能要求：1，精通Python，精通Django或Flask,          2，熟悉Celery精通数据库，熟悉MySQL、postgresql或MongoDB          3，精通RESTful API、熟悉Linux、熟悉Git          4，Github上有自己的repo基于twitter api，新浪微博api或豆瓣api等开发过app工作地点：高教路西溪华东院联系方式：HR韩  18042314625（微信同号）工作地址：                            高教路西溪华东院"
Python开发工程师(005750)(职位编号：JD005750),京东金融,面议,杭州,2017-04-26 00:00:20,"岗位职责:1、开发管理虚拟网络、dns、流量清洗服务器等等的管控平台；2、负责从用户操作界面到底层功能服务器的数据下发的整体设计；3、负责各种SDN产品的规划，设计与实现。任职资格:1、3年以上Python开发经验，熟练掌握Python的Django、Tornado等任一开发框架；2、理解数据库的设计以及基于数据库的Python服务开发；3、有Go、Java开发经验更佳；4、熟悉分布式服务；5、了解网络设备工作(物理/虚拟网络设备等)；6、对未知领域有快速的学习、探索和研究能力；7、有较好的整体设计能力。工作地址：                            杭州市拱墅区杭州                                                        查看职位地图"
Python开发-杭州-02138,博彦科技股份有限公司,10000-18000元/月,杭州,2017-04-26 00:00:20,"岗位职责：负责阿里云项目的python开发工作 职位描述： 1）需求调研、需求分析与系统设计，撰写相关文档； 2）系统开发、优化及维护。任职要求：1、2年以上python开发能力；  2、熟悉 Linux 系统及 DNS/YUM/NTP/impi的优先； 3、主要是做专有云的接入工作 4.、较强的学习能力，具有抗压性工作地址：                            杭州"
YF-系统开发工程师(Python/Django)-01,杭州海康威视数字技术股份有限公司,10001-15000元/月,杭州,2017-04-24 00:00:20,"岗位描述:从事WEB系统开发（基于Python、Django）岗位要求:1、本科以上学历，计算机、电子、数学等计算机相关专业，2年以上软件开发工作经验；2、精通Python编程，熟悉使用Python标准库和流行第三方库，有tornado, twistd ,Django, web.py 其中一种web开发框架使用经验；3、熟悉JavaScript语言，能使用JQuery + DIV + CSS完成相应WEB开发, 熟悉各种浏览器兼容性处理；4、具备数据库的基础知识，特别是MySQL，并了解相应的ORM框架。5、具备Linux的基本知识，具备基本的网络知识。6、熟悉软件开发流程、设计模式，具备一定的需求分析和系统设计的能力；7、具有较强的分析和解决问题的能力、动手能力和应变能力，良好的沟通能力；工作地址：                            浙江省杭州市滨江区东流路700号                                                        查看职位地图"
1023Python web开发,杭州博彦信息技术有限公司,8000-13000元/月,杭州-滨江区,2017-12-21 10:23:36,"岗位职责：职位描述：1. 负责产品web相关内容的开发，负责游戏测试工具开发。2. 挖掘能提升游戏质量的工具需求，并能独立完成工具架构和模块设计、编码、测试、文档编写、使用推广等工作。任职要求：职位要求：1. 本科或以上计算机相关学历，英语CET4以上，一年以上工作经验；2. 熟悉 Python 编程；3. 足够的基于 web 的开发经验，熟悉主流的 web 前后端框架，例如 angularjs 、 django ；4. 熟悉 mysql 数据库；5. 具备良好学习、沟通能力及团队协作精神，对工作积极严谨，有责任感工作地址：                            杭州市滨江区网商路599号网易大厦                                                        查看职位地图"
python数据分析【坐标郑州】,河南奇酷信息技术有限公司,10001-15000元/月,杭州-江干区,0002-01-01 00:00:00,"【职位描述】1、负责数据管理系统服务端核心代码的开发及维护；2、负责数据挖掘、BI项目开发及维护；3、配合测试部门进行测试；4、负责数据分析前后端代码编写和机器学习算法的实现；任职要求：1、统招本科以上学历，3年以上python经验，熟悉Flask有项目经验者优先；2、一年以上Web服务端的设计与调优经验，对系统的拓展性与解耦有清晰认识，熟悉MQ者优先；3、熟悉mysql数据库的语法和性能调优，熟悉Redis、Mongodb、ElasticSearch 等常用NoSql数据库；4、熟悉Linux开发环境，掌握Linux常用命令；5、熟悉Pandas，Scikit-learn, TensorFlow或Keras, 有机器学习编程经验者优先；6、熟悉Hadoop, Spark等优先；7、熟悉Scrapy、xpath、Phantomjs、requests者优先。PS：请求职者仔细阅读职位内容，看清工作地址，谨慎投递简历，切勿重复投递。工作地址：                            河南省郑州市金水区                                                        查看职位地图"
python开发工程师,深圳市网新新思软件有限公司,10001-15000元/月,杭州-滨江区,0002-01-01 00:00:00,"职位描述：1. 负责产品web相关内容的开发，负责游戏测试工具开发。2. 挖掘能提升游戏质量的工具需求，并能独立完成工具架构和模块设计、编码、测试、文档编写、使用推广等工作。 职位要求：1. 本科或以上计算机相关学历，英语CET4以上，一年以上工作经验；2. 熟悉 Python 编程；3. 足够的基于 web 的开发经验，熟悉主流的 web 前后端框架，例如 angularjs 、 django ；4. 熟悉 mysql 数据库；5. 具备良好学习、沟通能力及团队协作精神，对工作积极严谨，有责任感工作地址：                            滨江区网商路599号                                                        查看职位地图"
Python讲师,北京千锋互联科技有限公司,20000-40000元/月,杭州,0002-01-01 00:00:00,"一：岗位职责：1、负责Python课程体系设计和完善；2、负责Python课程爬虫、数据分析、网站开发的讲授；3、完成领导交办的其它工作。任职要求：1. 至少2年以上Python编程经验；2. 熟练运用Python语言及常用模块；3. 熟练django等常用开发框架；4. 熟练Mysql, oracle数据库中任何一种；5. 熟练HTTP, Javascript, HTML。6.熟练树莓派设备python开发7.熟练python机器学习实战8.精通Linux下Shell、Python两种脚本语言；9.精通基于Linux应用程序的管理和配置，如Tomcat、Redis、Zookeeper、Jdk、Nginx、LVS、FastDFS、GFS等工作地址：                            浙江省杭州市江干区九堡旺田书画城A座4层"
Python软件工程师,杭州泛利科技有限公司,4000-8000元/月,杭州,2017-11-20 11:59:15,"岗位职责：进行设计编码、调测，配合系统联调；负责单元代码测试。任职要求：具备良好的学习和沟通能力，良好的合作和敬业精神，乐观向上，心态积极；熟悉LINUX操作，熟悉Python语言，有一定的小程序开发经验，有面向对象程序设计思想；良好的科技英文阅读能力，熟练阅读英文说明；具备良好的文档编写能力和习惯。工作地址：                            杭州经济技术开发区白杨街道6号大街452号2幢D1509-1517号房"
Python开发工程师-网络管理部003(职位编号：J177113),网易（杭州）网络有限公司,面议,杭州,2017-10-23 20:04:29,"职位描述:1.负责网络自动化管理系统前端开发和维护；2.其他数据处理工作。任职资格：1.熟练使用Python 和Django等框架开发，2年以上Python实际开发经验; 熟悉面向对象程序编程；2. 熟悉XML,HTML, CSS, JavaScript, JSON,jQuery/Ajax等Web页面技术;3. 熟悉正则表达式，熟悉常用的Linux命令；4.至少熟悉以下任一种数据库: MySQL, PostareSQL, Mongo；5.具有网络自动化和SDN开发经验者优先。6.工作态度认真、负责，乐观勤恳，能够承受工作压力，有良好的团队合作意识。                        查看职位地图"
python开发工程师,杭州声讯网络科技有限公司,20000-40000元/月,杭州,2017-12-20 11:08:07,"岗位职责:负责公司产品的服务端设计、开发，编写设计文档。 岗位要求:3年以上的Python实际项目开发经验熟悉Flask等任一流行Web开发框架熟悉SQLAlchemy,Mongoengine或其他ORM框架熟悉PostgreSQL(MySQL)、MongoDB、Redis熟悉多线程/多进程熟悉Linux操作系统，有2年以上使用经验具备扎实的编程基础、良好的编程习惯强烈的责任心和团队精神，善于交流与合作逻辑思维能力强，有独立分解问题、解决问题的能力有较强的搜索信息，解决问题的能力符合以下条件者优先： 酷爱Python，并喜欢用Python解决实际问题有过开源社区代码贡献、经常写博文、经常关注技术社区熟悉高并发、大数据量相关开发长期用Linux作为主力工作环境,熟悉shell脚本编写有大数据、搜索引擎项目开发经历  工作地址：查看职位地图"
python开发工程师,北京启明星辰信息安全技术有限公司,10000-20000元/月,杭州,0002-01-01 00:00:00,"岗位职责：负责elasticseach、slor应用的开发、优化及维护任职要求：1、1年以上python开发经验，会用python常用模块和第三方模块、框架；2、了解mysql、oracle等关系型数据库和常用SQL；3、了解Linux、Shell以及其常用命令；4、有elasticsearch经验者优先考虑；5、能独立定位并解决问题，有较好的整体设计和优化能力；6、积极乐观，对未知领域有快速的学习、探索和研究能力；7、有强烈的责任心和团队合作精神、具备良好的沟通能力。工作地址：                            杭州                                                        查看职位地图"
高级后端研发工程师python/golang/php,杭州雅顾科技有限公司,16000-20000元/月,杭州-西湖区,2017-11-24 10:10:05,"目睹是国内专注于企业级视频解决方案的团队，发展比较迅速。我们的技术栈比较有挑战性，但混沌中还算比较有秩序，规范的开发流程，各司其职的架构体系，完善的文档体系，明确的晋升规则，薪资跟级别挂钩。 基础架构团队负责公司底层平台的建设，支持业务团队进行快速迭代。目睹的底层系统包含媒体中心(直播、点播、转码等服务)，业务数据中心(消息队列，广播，公共中间件，日志，存储，分析，报表等服务)，CI,自动部署，运维系统。 岗位要求• 计算机本科或相关学历， 4年以上工作经验• 熟练的英文能力• 熟悉php,java,golang,python中的2项，并有相应工程经验，能上手列表中的其他语言• 大规模访问的web系统设计经验• 复杂业务系统的分解能力，复杂问题的抽象能力• 熟悉常规设计模式，SOLID原则 岗位职责• 负责目睹关键基础服务的设计,实施• 推进关键项目稳定进行• 解决优化日常运行中出现的问题工作地址：                            杭州市西湖区西斗门路3号天堂软件园D幢7楼"
中级后端研发Python,杭州雅顾科技有限公司,12000-15000元/月,杭州,0002-01-01 00:00:00,"团队简介:目睹是国内专注于企业级视频解决方案的团队，发展比较迅速。我们的技术栈比较有挑战性，但混沌中还算比较有秩序，规范的开发流程，各司其职的架构体系，完善的文档体系，明确的晋升规则，薪资跟级别挂钩。 基础架构团队负责公司底层平台的建设，支持业务团队进行快速迭代。目睹的底层系统包含媒体中心(直播、点播、转码等服务)，业务数据中心(消息队列，广播，公共中间件，日志，存储，分析，报表等服务)，CI,自动部署，运维系统。 岗位要求• 计算机本科或相关学历， 1年以上工作经验• 熟练的英文能力• 熟悉php,java,golang,python中的2项，能上手列表中的其他语言• 熟悉常见业务功能如何实现• 熟悉linux操作系统(系统信息、日志、权限、部署等) 岗位职责• 负责目睹基础服务的研发维护• 负责目睹流媒体应用的研发优秀的A+团队：我们是一个年轻、快乐、彼此尊重、鼓励每个人发挥创造力、心怀梦想的团队！有着广阔的施展空间！简单高效的管理：没有僵化的流程，没有复杂的人事，只有扁平高效的管理风格！行业有竞争力的薪资水平和福利体制         五险一金+商业保险        每年4月和10月两次加薪机会        年终奖金+创新奖励+项目奖        弹性工作+双休        下午茶+免费零食，买什么由你定！        当然还有        定期聚餐、神秘生日礼物、各种节日福利！欢迎希望来杭州发展的小伙伴~工作地址：                            杭州市西湖区西斗门路3号天堂软件园D幢7楼BD座"
测试开发工程师(Python),浙江威星智能仪表股份有限公司,8000-12000元/月,杭州,2017-11-27 14:46:36,"岗位职责：1、负责测试框架的设计和用例编写； 2、配合开发人员参与产品集成测试平台搭建； 3、负责测试工具设计开发等工作； 4、参与执行测试。任职资格：1、计算机相关专业本科及以上学历，具有2年以上工作经验和完全独立的工作能力；2、掌握测试理论及技术，熟练运用各种测试工具和框架，掌握软件测试基本方法与技巧；3、熟悉Python开发者优先，熟练掌握Python基础及扩展，可独立解决Python疑难问题；4、掌握Robot Framework使用者优先，理解Robot Framework思想，可用RIDE熟练开发调试脚本，能独立完成测试库开发；5、有持续集成的思想和实际操作经验，会搭建和配置Jenkins的优先；6、熟悉缺陷管理工具，如JIRA、禅道等；7、对新技术感兴趣，有钻研和开拓精神；具备良好的沟通和团队合作精神，优秀的的项目推动力和执行力；8、工作积极，有责任心，为人踏实，勤勉上进，不浮躁。 工作地址：                            杭州市拱墅区莫干山路1418-41号6号楼（上城科技工业基地）                                                        查看职位地图"
高级后端研发Python,杭州雅顾科技有限公司,16000-20000元/月,杭州,0002-01-01 00:00:00,"职位描述：目睹是国内专注于企业级视频解决方案的团队，发展比较迅速。我们的技术栈比较有挑战性，但混沌中还算比较有秩序，规范的开发流程，各司其职的架构体系，完善的文档体系，明确的晋升规则，薪资跟级别挂钩。 基础架构团队负责公司底层平台的建设，支持业务团队进行快速迭代。目睹的底层系统包含媒体中心(直播、点播、转码等服务)，业务数据中心(消息队列，广播，公共中间件，日志，存储，分析，报表等服务)，CI,自动部署，运维系统。 岗位要求• 计算机本科或相关学历， 4年以上工作经验• 熟练的英文能力• 熟悉php,java,golang,python中的2项，并有相应工程经验，能上手列表中的其他语言• 大规模访问的web系统设计经验• 复杂业务系统的分解能力，复杂问题的抽象能力• 熟悉常规设计模式，SOLID原则 岗位职责• 负责目睹关键基础服务的设计,实施• 推进关键项目稳定进行• 解决优化日常运行中出现的问题欢迎来杭州发展的小伙伴~工作地址：                            杭州市西湖区西斗门路3号天堂软件园D幢7楼BD座"
中级后端研发Python（基础架构）,杭州雅顾科技有限公司,10000-15000元/月,杭州,0002-01-01 00:00:00,"目睹是国内专注于企业级视频解决方案的团队，发展比较迅速。我们的技术栈比较有挑战性，但混沌中还算比较有秩序，规范的开发流程，各司其职的架构体系，完善的文档体系，明确的晋升规则，薪资跟级别挂钩。基础架构团队负责公司底层平台的建设，支持业务团队进行快速迭代。目睹的底层系统包含媒体中心(直播、点播、转码等服务)，业务数据中心(消息队列，广播，公共中间件，日志，存储，分析，报表等服务)，CI,自动部署，运维系统。岗位要求* 计算机本科或相关学历，1 年以上工作经验* 熟练的英文能力* 熟悉 php,java,golang,python 中的 2 项，能上手列表中的其他语言* 熟悉常见业务功能如何实现* 熟悉 linux 操作系统(系统信息、日志、权限、部署等)岗位职责* 负责目睹基础服务的研发维护* 负责目睹流媒体应用的研发欢迎来杭州发展的小伙伴~工作地址：                            杭州市西湖区西斗门路3号天堂软件园D幢7楼BD座"
Python开发工程师（桐乡）,浙江九州量子信息技术股份有限公司,7000-13000元/月,杭州,0002-01-01 00:00:00,"岗位职责：1、根据项目计划, 完成项目编码工作;2、参与需求的讨论与整理;3、参与项目进度计划的讨论与制定;任职要求：1、大学本科学历，计算机、数学及相关专业；2.2年以上python开发经验，熟练掌握python标准库和第三方库；3.熟练掌握django框架，掌握flask框架加分；4.熟悉js，HTML，json，jquery，了解nodejs加分；5.熟练使用Linux操作系统；工作地址：                            浙江省桐乡市                                                        查看职位地图"
Linux python开发运维,杭州联众医疗科技股份有限公司,10000-20000元/月,杭州,2017-10-20 08:57:15,"岗位职责：1、前置影像、报告业务系统、自动化运维及业务监控系统接入前端设计及开发2、负责前置系统技术选型、架构设计3、OSS、AWS等第三方存储接入开发4、医院系统数据对接开发5、前置业务系统实施技术支持及指导 6、医院前置系统运行维护及故障排除岗位要求：1、精通或熟练使用Python语言，有4年以上Python开发经验2、有大型OLTP系统或者分布式系统设计或者开发经验3、熟悉Linux，熟悉kafka 客户端接入开发，有较强的探索新技术的欲望和能力4、熟悉oracle等常用数据库操作及相关开发5、熟悉saltstack，zabbix，ELK等开源运维平台及使用相关API集成开发6、有较强责任心，工作主动积极，敢于担当4、良好的沟通能力和团队合作精神，良好的学习能力，并且有兴趣学习钻研新技术。工作地址：                            杭州市上城区中河中路198号绿都商务大厦                                                        查看职位地图"
python开发工程师,杭州聚信会计师事务所(普通合伙),6001-8000元/月,杭州-上城区,2017-12-22 10:00:36,"岗位职责：软件开发任职要求：熟悉python                 一年以上工作经验                能吃苦耐劳                能适应较强的工作压力                学习能力强，了解相关前沿技术                有理想有冲劲。工作地址：                            杭州市上城区钱江路58号太和广场8号楼1309                                                        查看职位地图"
Python 后端开发工程师（10-18K）,迈迪信息技术有限公司,10000-18000元/月,杭州,2017-12-13 09:09:03,"职位描述负责企业管理平台的相关模块开发-职位要求：1. 精通python以及性能分析和优化，熟练掌握Django/Flask/Tornado等Web开发框架，有较强的代码开发能力，能独立的解决问题；2. 熟练使用MySQL、 PostgreSQL等数据库，对Redis有一定得了解；3. 熟悉Linux系统、会使用常用的系统命令进行系统维护和线上问题分析；4. 熟悉HTML CSS JS，有Angular开发经验者优先，有实际运维平台开发者优先；5. 本科及以上学历，思想端正，学习能力强，善于沟通，良好的责任心与团队精神。工作地址：                            杭州市下城区白石路318号人力资源产业园北楼9层                                                        查看职位地图"
Python开发工程师,浙江远大专修学院,10001-15000元/月,杭州-西湖区,2017-12-20 08:38:53,"岗位职责：1、熟悉项目结构，理清项目业务关系；2、配合团队其他成员进行模块开发及整合(主要配合客户端新功能需求，开发相应的接口)；3、维护所负责的服务模块，并不断持续优化功能系统；4、确保所负责的服务模块能够达到产品要求的质量标准（响应、错误率、不间断服务指标）。任职要求：1、熟悉Python,能够熟练运用Django开发，熟悉gevent、 twisted、 tornado框架优先；2、熟悉数据库操作，熟悉MySQL数据查询及操作；3、熟悉JavaScript/AJAX/CSS,有jQuery经验优先；4、熟悉Linux,Nginx,MySQL 等的安装、配置、调试；5、有良好的编程习惯，注重代码效率，能够编写规范，优质与高效的代码。工作地址：                            杭州市西湖区文三路553号浙江中小企业大厦22楼"
Python软件开发,杭州健培科技有限公司,8000-15000元/月,杭州,2017-12-21 10:31:27,"职位描述：任职要求：1.至少1年以上Python开发经验，基本功扎实，有项目经验；2.有numpy,scipy等库的使用经验；3.有django项目经验的和前端开发基础的优先考虑；4.了解面向对象程序设计；5.有图像分析背景最好。工作内容：利用python开发核心医学图像分析算法库， 搭建django web服务，针对医院用户实现端到端的自动智能诊疗。工作地址工作地址：                            江干区下沙经济技术开发区3号大街3号                                                        查看职位地图"
python工程师,北京中城融丰资产管理有限公司,8000-10000元/月,杭州,2017-12-18 11:52:01,"- 负责百度知道产品的测试工作，制定项目测试方案，计划并实施，保证项目质量和进度- 设计与执行测试用例，跟踪定位产品软件中的缺陷或问题- 参与产品需求、系统设计和程序代码的评审工作，并提出改进意见- 根据产品和项目特点，提出合理的自动化解决方案，并负责设计和实现自动化测试工具，提高测试效率- 评估项目质量风险，与产品经理和开发人员就项目进度和问题进行沟通职位要求：- 具备1年以上开发或测试经验- 熟悉软件测试理论和方法，熟悉互联网行业测试环境及相关技术- 熟悉linux操作系统- 熟悉C/C++/Java/PHP或一种脚本语言如python/ruby/perl/shell/go 等，能熟练编写测试代码- 正规高校计算机及相关专业本科以上学历- 善于学习和运用新知识，具有良好的分析和解决问题能力- 具有良好的团队合作精神和积极主动的沟通意识- 热爱互联网并有着高度的工作热情  工作地址：                            浙江杭州"
Python 开发工程师,杭州车云网络科技有限公司,8000-10000元/月,杭州,0002-01-01 00:00:00,"1. 2年以上Python编程基础2. 了解前端开发技术，熟悉HTTP协议，TCP/IP，HTML, 了解Ajax, oauth，Ajax, Jquery等，熟悉前后端的交互过程；3. 能够熟练使用python进行快速开发，至少掌握一个python web框架的使用（例如flask、tornado、django web）；4. 掌握pycharm、git等工具的使用，能够在linux服务器部署python程序；5. 熟悉celery、APScheduler定时任务框架， 熟悉queue、multiprocessing等常用模块6. 熟悉mysql的用法，了解redis，memcached等缓存的使用7. 了解html，css的基本用法8. 熟练掌握nginx，samba，nfs的配置9. 熟悉php 和 Javascript编程，会使用Vue.js、angularjs者优先10.思路清晰，具有较强的学习能力和解决实际问题的能力，对新技术始终保持较高关注度.工作地址：                            拱墅区祥园路88号 中国（杭州）智慧信息产业园4号楼5楼                                                        查看职位地图"
Python C++量化研发（股票）,杭州波粒二象资产管理有限公司,8001-10000元/月,杭州-拱墅区,2017-07-13 16:22:47,"岗位职责1.负责维护公司自主研发的高频回测系统，参与后续优化开发。2.负责每日的策略回测和与实盘比对工作3.参与策略成交率优化的相关研发工作4.有机会加入Alpha策略或做市策略的研发工作 技能要求:1.数学，物理，金融数学或者其他相关研究生或博士毕业。2.应届毕业生或者1-2年相关工作经验。3.能熟练使用Matlab，Python，C++。4.对Market Micro-structure有深入研究。5.对Order Book Modelling，Execution Optimisation有深入研究。6.熟悉中国二级交易市场（期货，证券）。7.对金融交易，信息技术科技有浓厚兴趣并且愿意了解最新行业发展。待遇：8000-15000 五险一金，双休工作地址：                            拱墅区丰潭路380号城西银泰B座1402室"
"赴日软件开发 java,Python,bigdata",株式会社BSS,15001-20000元/月,杭州,0002-01-01 00:00:00,"・オフショア開発、金融、流通ソリューションなどに手掛け、　着実に成長を遂げてきた当社。ベンダー、大手企業をはじめ、　様々なクライアントから開発案件が寄せられています。　これからの成長を加速させるため、新しい仲間を募集します。・日本向けオフショア開発２－３年以上の経験を持ち、　日本語2級以上、かつ日本人とコミュニケーション可能な方を募集します。・勤務地：日本東京株式会社BSS 東京都千代田区神田佐久間町3-21-4URL: http://www.bss-j.co.j営業ML: eigyou@bss-j.co.jpwechat: bssfangまたは、aoldcow経歴書をご送付の上、面接を設定させていただきます。工作地址：                            東京都千代田区神田佐久間町3丁目21番地4号"
Python(引擎开发工程师),杭州安恒信息技术有限公司,10000-20000元/月,杭州,2017-11-11 08:10:00,"岗位职责：1.分析产品需求, 并给出良好的解决方案；2.引擎平台功能模块的设计和实现；3. 跟踪和了解网络安全领域最新技术,工具和开源代码；4.现有产品性能,可靠性,可用性的提升；5.处理一些应急的工作。任职资格：1.1年以上的python语言开发经验, 最好有2年及以上面向对象(C++, JAVA, C#,GO等)开发经验；2.熟悉TCP/IP协议及开发, 熟悉ARP,ICMP,HTTP,SSH等基础协议；3.能熟练使用Linux/UNIX操作系统和网络相关指令；4.能从Devops视角把控项目,实现产品的易测性,易部署,易升级；5.具有良好的团队精神和合作意识, 具备良好的沟通和执行力，能快速融入团队；6.有网络安全背景优先。工作地址：                            杭州市滨江区通和路68号中财大厦15楼                                                        查看职位地图"
python爬虫工程师,杭州介子网络有限公司,10001-15000元/月,杭州,2017-10-23 09:42:43,"职位描述：工作概述：1、通过模拟请求将人工复杂操作转变为自动化操作。2、将自动化操作融入整套系统。3、采集业务所需数据。岗位要求：1、 两年以上 Python （Scrapy）爬虫开发经验，精通网络编程、HTTP 协议。2、 熟悉 HTML、DOM、XPath、CSS3、 精通网页抓取原理及技术，精通正则表达式，从结构化的和非结构化的数据中获取信息。4、 Python爬虫模拟登录爬取网站数据。5、 熟练使用 Git6、 了解常规的爬虫攻防策略。7、 善于思考，能独立分析和解决问题。8、 加分项：使用Python相关框架实现分布式爬虫；获取微信的永久链接。工作地址：                            未来科技城                                                        查看职位地图"
高级python开发工程师,杭州奇光网络科技有限公司,25000-35000元/月,杭州-滨江区,2017-12-13 09:16:53,"岗位职责：1、参与或负责网站系统功能的架构设计与核心技术实现 ；2、根据需求完成后台业务系统的设计和开发；岗位要求： 1.精通python语言，有3年以上相关开发经验 2.熟悉python技术栈和pandas等各种数据分析和算法库 3.有大容量高并发web服务开发经验，熟悉各种性能优化技术4.熟练应用pg，sqlite，redis，mongo等SQL/NoSQL数据库 5.具有较强的团队意识，高度的责任感，对工作积极严谨，勇于承担压力；工作地址：                            杭州市滨江区明豪大厦                                                        查看职位地图"
Python开发,杭州麦苗网络技术有限公司,10001-15000元/月,杭州,2017-10-25 09:25:21,"工作职责1.开放平台数据获取系统的设计和开发2.数据分析系统设计和开发3.系统日常维护和性能优化任职资格1. 本科及以上学历，至少精通一门开发语言（C++/Java/PHP/Python）2.至少具有一种数据库的使用经验（MySQL/Oracle/Mongodb）3.精通shell编程，熟悉Linux系统管理工作地址：                            西湖区文一西路与崇义路西北侧郡原公元里7幢4楼"
Python开发工程师,绍兴南湾视讯技术有限公司,10001-15000元/月,杭州-西湖区,2017-11-24 08:55:19,"岗位职责：1.负责Python Web后端开发；2.参与数据库模型设计和维护；3.负责功能开发和代码维护，编写完整的接口文档；4.负责代码的单元测试及对集成测试的支持岗位要求：1、熟悉python开发语言，能熟练使用Python进行Web后端开发2、熟悉django、flask或其他一种架构3、熟悉mysql数据库、熟练掌握并行、异步、多线程、多进程等开发技能工作地址：                            杭州市西湖区合生国贸中心7幢10楼                                                        查看职位地图"
高级Python开发工程师,北京广通信达软件股份有限公司杭州分公司,10000-20000元/月,杭州,2017-12-18 00:36:15,"职责描述：负责运维系统Agent端的设计和开发工作负责代码架构设计和搭建，参与关键技术难点攻克；对代码质量负责，参与实现正确、高效、稳定的应用。 职位要求：对计算机相关基础知识有较好理解，了解常用数据结构和算法有扎实的编程功底，熟练掌握 Python 语言，熟悉常用标准库，了解 Python 底层原理熟悉 Linux、Windows 系统，具备编写shell脚本能力熟悉 Git，GitFlow 开发流程熟悉运维开发者优先熟悉 salt、dd-agent 等自动化、监控框架者优先具有良好的沟通、团队合作精神、优秀的分析问题和解决问题的能力，有主动性和上进心工作地址：                            杭州西湖区西斗门路3天堂软件园"
Python工程师,北京淘乐创想科技有限公司驻杭州办事处,5000-10000元/月,杭州,2017-12-21 09:54:43,"职位描述：负责web端的相关业务开发和维护；协助参与产品数据中心相关服务的架构、优化、扩展、维护，数据相关应用模块的开发。职位要求：1年左右Python开发经验，熟悉Python常用模块和第三方模块、框架；熟悉MYSQL、DB2等关系型数据库和Redis,MongoDB等NOSQL，以及常用SQL；了解Linux、Shell以及其常用命令；能在上级引导下，独立完成相关业务开发，处理业务问题，有较好的逻辑能力；积极乐观，有强烈的学习能力和热情，乐于技术探索和研究；富有责任心，良好的团队协作和沟通能力，善于自我管理和自我驱动。加分项：熟悉Django，Flask，Bottle或其他Python Web开发框架；熟悉Web前后端技术，有其他语言开发经验和能力；有大型数据分析系统开发维护及优化的经验；了解过大数据，对其研究和应用有浓厚兴趣；有独立项目开发经验。工作地址：                            浙江省杭州市西湖区文二路"
熟悉Python的Java程序员,杭州益赛信息系统工程有限公司,5000-10000元/月,杭州,2017-12-21 09:42:48,"1.熟悉掌握Python2. Java 初级程序员3. Java 中级程序员4. Java 高级程序员5、软件测试人员6、GIS平台全职、实习、外包皆可如有GIS、js、jsscript、HTML5、ZK、java, java script, html, css, C++, C, Python,eclipse/hibernate/spring/struts/ants等方面的工作经验，可优先考虑。我公司是一家中外合资的软件公司，现因业务需求，需要扩招开发团队，需要对java, java script, html, css, C++, C, Python相关内容的感兴趣，学历、年龄、工作年限等不限。有意向者可将简历及相关材料发送至yisaihz@163.com，我们将会尽快安排面试。工作地址：                            杭州市小和山高教园                                                        查看职位地图"
Python 架构师,Crossover for Work,30000-40000元/月,杭州,2017-12-03 19:58:11,"近期活动：2017/12/10 杭州香格里拉远程岗位预约该岗位要求具有熟练的英文读写和口语沟通能力岗位职责：1.        编写和调试企业应用程序/产品的单元和集成测试2.   在我们的后端平台（例如API，内部服务和数据处理流水线）的分布式系统中主动规划，实施和维护新服务3.   开发新的面向用户的功能4.   您有效地执行遗留代码到新技术的转换，并更新第三方组件5.        识别依赖关系和执行代码审查的过程，帮助我们在整个过程中保持卓越的标准。  任职要求：1.        计算机科学学士，计算机工程硕士2.        您必须是具有实力的Python专家。3.        您的Python专业知识围绕Python开发和熟悉PEP标准，特别是PEP-8。4.        所需的技能和知识包括：Linux，Horizon，Django, REST，rabbitMQ，Jenkins，Sphynx5.        对当前企业软件技术和开发实践/工具的了解，包括虚拟环境，源代码控制，远程开发，问题跟踪，构建和测试自动化以及网络管理6.        对您编写的代码进行无情测试的承诺7.        广泛的解决问题的技能8.        具备复杂问题的沟通能力（英文），特别是在系统设计领域9.        以下技能和技术的专业水平熟练程度：a)       Python和Djangob)       Jenkinsc)        Gitd)       Linuxe)       Sphynxf)        Unix和脚本编程g)       API架构和设计h)       为移动客户端开发APIi)         与iOS和Android客户端工程师协作调试，测试10.     与世界各地的队友和客户共同努力我们寻找的架构师注重企业文化的内在价值。 我们需要技术精湛的工程师，同时要求具备以下素质：1.        认同迭代开发的概念，作为构建无缝产品的最佳工具2.        愿意尽一切努力做好自己的工作 - 即使需要花更多的业余时间来研究你面临的问题3.        完美主义，知道如何才算做好一项任务，在没有正确完成前绝不放弃年薪：400k RMB。工作时间：8小时/天，40小时/周 （我们严格要求这是您唯一的全职工作）工作地点：不受限制请前往以下网址投递简历（注：我们只接受英文简历）：https://app.crossover.com/x/redirect/job/2364?utm_medium=JB&utm;_campaign=Bar&utm;_source=Zhaopin工作地址：                            不受限制                                                        查看职位地图"
Python开发工程师,杭州嘉澳投资管理有限公司,10000-20000元/月,杭州,2017-12-01 08:15:59,"工作职责：1、搭建量化回测和模拟交易引擎，为股票，期货和其他品种的投资进行研究支持；2、参与项目的架构设计，明确设计需求；3、参与制定和优化开发流程，包括项目文档的规范，git仓库规范化等。任职要求：1、精通Python语言，熟悉C++、JavaScript等语言；2、优秀的编码能力，有扎实的算法、数据结构功底；3、熟练掌握web框架(Django，flask 等)；4、熟练掌握 MySQL、MongoDB、Redis 等常见数据库，能够独立完成数据库设计；5、熟悉软件开发流程，具备独立开发调试，测试等实践能力；6、对代码和设计质量有严格要求，重视Code Review，知道良好的编程习惯的标准；7、英文水平良好, 能阅读英语技术文档。8、有自己的技术博客或GitHub优先。9、有股票、期货等金融投资经验者优先。工作地址：                            浙江省杭州市西湖区古墩路387号金桂大厦"
Python网络爬虫工程师,杭州真气环保科技有限公司,5000-9000元/月,杭州-江干区,2017-11-02 17:22:43,"岗位职责：1、负责互联网信息采集工作； 2、参与爬虫架构的设计与研究；3、参与爬虫核心算法的设计与优化； 4、参与公司大数据框架的搭建； 5、参与公司数据挖掘项目。任职要求：1、熟练掌握HTML语言，熟悉HTTP协议，具有多线程编程经验优先；2、熟练掌握python，熟悉linux开发环境； 3、有爬虫开发经验、熟悉xpath者优先； 4、有自然语言处理、搜索引擎等相关开发经验者优先；5、工作认真责任心强，良好的沟通和团队协作能力。6、能够使用git进行版本控制。7、掌握至少一种关系型数据库，如mysql；对非关系型数据库有所了解，如redis。有经验者优先，也欢迎优秀应届毕业生投递！工作地址：                            杭州市江干区创意大厦B座608"
Python开发工程师,浙江爱信诺航天信息有限公司,12000-24000元/月,杭州-西湖区,2017-09-21 13:29:37,"岗位职责：1、从事识别系统后端开发；2、根据产品需求完成系统功能开发。任职要求：1、5年以上的工作经验，熟悉Java、Python语言；2、熟悉Django或Tornado框架（Python）；3、熟悉Netty框架（Java）。工作地址：                            杭州市西湖区天目山路238号华鸿大厦A座604室"
Python开发,杭州盯房科技有限公司,7000-14000元/月,杭州-拱墅区,0002-01-01 00:00:00,"岗位职责：1、负责相关运维工具或脚本开发，对Linux系统下相关应用进行监控工具的开发；2、负责数据库优化，产品功能改进，搭建系统开发环境，完成项目开发；3、负责公司自动化运维平台及相关的开发与维护4、设计爬虫策略和防屏蔽规则，提升网页抓取的效率和质量；5、能独立解决实际开发过程碰到的各类问题；任职要求：1、 大专及以上学历，计算机相关专业，1年以上相关工作经验；2、 了解常见反爬虫策略及对应方式3、熟悉TCP/IP、HTTP，了解TLS/SSL、HTTPS、WebSocket等网络协议；4、精通Python编程，熟悉JavaScript；5、有团队意识，热爱技术研究，良好的沟通；工作地址：                            杭州市拱墅区祥园路139号浙大网新智慧立方A幢203                                                        查看职位地图"
Python软件工程师,杭州新方向网络技术有限公司,10001-15000元/月,杭州-滨江区,2017-08-08 10:07:20,"1, 计算机及其相关专业，基础扎实2, 理解非阻塞式/基于事件式服务器（gevent/tornado/twisted）3, 精通Mysql查询优化4, 精通单元测试编写加分项：travis/jenkinsAmazon AWSProvisioning 工具(ansible/chef/puppet/vagrant/docker)Python 框架 (django/flask)PHP 框架 (laravel/symfony/zend)工作地址：                            杭州市滨江区南环路3760号, 保亿创艺大厦1102室                                                        查看职位地图"
python开发工程师,上海英方软件股份有限公司,8000-15000元/月,杭州,0002-01-01 00:00:00,"岗位职责：1. 电子、通信、计算机、自动化等相关专业本科，2年以上软件开发经验。                   2. 熟练掌握python语言，有python开发项目经验。                   3. 熟悉Django/Flask等任意Web框架一种或者多种。                   4. 熟练掌握python相关类库，尤其是网络操作相关库及文本处理相关库                   5. 熟悉数据库并有优化经验,熟练掌握SQL,熟悉至少一种常用数据库。                   6. 有linux环境下开发经验。                   8. 熟悉HTML, CSS, Javascript，jQuery，JSON等Web相关技术                   9. 沟通能力，自学能力强，有强烈的求知欲，有独立解决分析、解决问题的能力，良好的团队工作地址：                            杭州市钱江新城城星路111号钱江国际时代广场2号楼31楼"
python软件工程师,Crossover for Work,15001-20000元/月,杭州,2017-12-16 13:34:14,"该岗位要求具有熟练的英文读写和口语沟通能力  岗位职责：1. 愿意接受迭代开发的概念作为构建无缝产品的手段2. 必须要有付出一切努力去做一件出色的工作的准备，即使这意味着投入额外的 时间来研究你所面临的问题。3. 完美主义：知道一份工作应该被如何完成，并且不在完成的不好之前停下来。  任职要求：1. 对你编写的代码进行无情的测试2. 广泛的问题解决的能力3. 清晰地交流复杂问题的能力（用英语）4. 熟练掌握下列技术和技能：a) 对python脚本语言有良好的理解能力和使用经验b) 精通脚本语言的工作知识和基本编程技能c) 基本的sql知识 你的什么使得你与众不同？熟练掌握以下技术将使你成为一个特别有吸引力的候选人。Postgre, CoffeeScript, Boto, Flask, R的知识以及统计和/或机器学习的背景。 年薪：20万 RMB。工作时间：8小时/天，40小时/周 （我们严格要求这是您唯一的全职工作）工作地点：不受限制 请前往以下网址投递简历（注：我们只接受英文简历）：https://app.crossover.com/x/redirect/job/3151?utm_medium=JB&utm;_campaign=Bar&utm;_source=Zhaopin工作地址：                            不受限制                                                        查看职位地图"
高级Python开发工程师/python,南京恒略信息技术有限公司,20000-40000元/月,杭州,0002-01-01 00:00:00,"【岗位职责】1. 开发App后台服务，开发运营管理系统；2. 数据抓取和处理相关工作；【任职要求】1. 计算机及相关专业，本科及以上学历，具有较强的英语阅读能力；2. 熟悉Linux/Unix环境, shell 命令；3. 掌握http基本原理, 熟悉html；4. 熟练使用Python语言, Python相关后端框架；5. 熟悉常见数据结构, 算法; 掌握面向对象的开发方法; 能够使用TDD进行开发；加分项：1. tornado实际开发经验；2. AWS云端开发经验；3. 能够快速学习新技术, 热爱开发工作;【福利亮点】奖金多多：季度奖金，年终奖，优秀员工16薪以上；加薪任性：一年1-2次加薪机会，就是这么任性！福利丰厚：弹性上下班不打卡，水果零食不限量，丰盛的午餐和晚餐全免费 ，多样化的team building，年度高端医疗保险等。【工作地点】北京市海淀区西三旗东升科技园HR咨询：朱经理  13705162636 微信----------------------------公司成立于2016年，2017年已经完成B轮融资，估值超过10亿。公司团队成员大都来自于 Google, Baidu, 华为等知名互联网公司。专注移动互联网，两款APP做到了美国第一，用户累计超过3000万，用户对产品的评分在4.7分以上；创始人为原google高管，行业鼻祖！各种技术极客，均来自一线互联网公司！我们的待遇：- 小而精的团队，大而美的盈利能力，人无我有人有我优；- 顶配Mac Pro外加25寸双屏显示器，欲善其事必利其器；- 升降办公桌，人体工程椅，躺着办公不是事；- 免费自助午晚餐，无限量现磨咖啡、各式饮料水果零食，吃货的天堂；- 弹性工作制，从来不打卡；- 带薪病假，带薪年假，法定节假日，让你休不停；- MSH高端医疗保险，看病不花钱- 交通补贴，滴滴司机接送你上下班- 生日会及生日礼品，满满的全是爱- 每年定期奢华境外游，明年塞舌尔、日本、巴厘岛、新加坡等你一起来。工作地址：                            北京市海淀区西三旗东升科技园                                                        查看职位地图"
python开发工程师,杭州慧简医疗科技有限公司,8001-10000元/月,杭州-下城区,2017-11-29 14:58:02,"综合素质：1.工作踏实肯干,有强烈的责任心和进取心，具备团队合作精神，能够适应工作压力；2.具备良好的沟通和学习能力；3.具备一定的技术文档写作能力。职位描述 1．负责PYTHON环境下系统模块开发，参与分析、设计工作； 2， 了解前端开发技术，熟悉HTTP协议，TCP/IP，HTML, 了解Ajax, oauth，Ajax, Jquery等，熟悉前后端的交互过程；3, 负责产品需求分析，对产品的原始需求做总结分析，架构设计，原型实现工作；4,协助解决现有系统中的技术难题 ；5, 能进行客户需求分析、编制项目技术方案并能独立进行项目开发和实施工作；岗位要求 1、本科以上学历，2年以上项目开发经验 2、深入理解进程/线程，文件操作，SDK等；3、能够熟练使用python进行快速开发，至少掌握一个python web框架的使用（例如django,tornado等）；4、熟悉SQL Server或ORACLE数据库编程；5、基础功扎实，思维清晰敏捷，逻辑分析能力强，良好的编程风格；6、性格外向、开朗，良好的沟通能力，可适应短期出差与客户交流； 工作地址：                            杭州市下城区费家塘路下城区高新技术产业园4号楼402室"
python开发工程师(投资机器人）,浙江核新同花顺网络信息股份有限公司,15001-20000元/月,杭州-余杭区,0002-01-01 00:00:00,"岗位职责：1. 公司量化平台的设计与开发，数据的校验，修正等日常工作；2. 与需求方密切合作，分析需求并制定技术方案和实现3. 解决系统开发过程中遇到的性能等技术问题岗位要求：1. 本科以上学历，熟悉python django tornado或其他web框架；2. 熟悉Linux环境下的开发环境，有docker使用经验者优先；3. 熟悉mysql、postgres、redis、mongoDB等数据库以及数据处理调优；4. 有良好的代码编写习惯，熟悉使用git和svn等代码管理工具；5. 独立解决问题的能力有良好的团队工作意识能够承担压力； 6. 熟悉证券业务者优先 工作地址：                            浙江省杭州市余杭区五常街道同顺路18号                                                        查看职位地图"
python开发工程师,杭州纳帕科技有限公司,8000-15000元/月,杭州,2017-09-04 11:18:19,"岗位职责：1.了解前端开发技术，熟悉HTTP协议，TCP/IP，HTML, 了解Ajax, oauth，Ajax, Jquery等，熟悉前后端的交互过程；2.负责产品需求分析，对产品的原始需求做总结分析，架构设计，原型实现工作；3.封装、优化系统所需的接口，并撰写相关的技术文档。任职要求：1．本科及以上学历，两年以上工作经验，能独立开发2. 能够熟练使用python进行快速开发，至少掌握一个python web框架的使用（例如flask、tornado、django web）；3. 熟悉celery、APScheduler定时任务框架4. 熟悉mysql的用法，了解redis，memcached等缓存的使用  5. 了解html，css的基本用法6. 熟练掌握nginx，samba，nfs的配置7. 掌握pycharm、git等工具的使用，能够在linux服务器部署python程序；8. 熟悉Javascript编程，会使用Vue.js、angularjs者优先9. 思路清晰，具有较强的学习能力和解决实际问题的能力，对新技术始终保持较高关注度；  工作地址：                            杭州市西湖区文二路212号高新大厦7楼"
Python 后端开发工程师,杭州巴九灵文化创意有限公司,8000-10000元/月,杭州,2017-11-20 14:17:14,"岗位职责：1. 负责美好的店电商后台开发；2. 负责知识产品后台开发。岗位要求：1. 1年以上实际Python项目开发实施工作经验；2. 熟悉python web开发框架如Flask及其扩展；3. 熟悉MySQL, MongoDB。熟练使用mongokit；4. 熟悉redis，rabbitmq。熟练使用celery；5. 了解前端HTML，javascript；6. 能够独立涉及restful api，熟悉connextion；7. 重视代码质量，有良好的编码习惯，能做到pythonic。能独立完成测试。工作地址：                            杭州下城区西文街213号琥珀中心"
Python量化程序员,杭州波粒二象资产管理有限公司,8000-15000元/月,杭州,2017-03-07 00:00:20,"岗位职责1.负责维护公司自主研发的高频回测系统，参与后续优化开发。2.负责每日的策略回测和与实盘比对工作3.参与策略成交率优化的相关研发工作4.有机会加入Alpha策略或做市策略的研发工作 技能要求:1.数学，物理，金融数学或者其他相关研究生或博士毕业。2.应届毕业生或者1-2年相关工作经验。3.能熟练使用Matlab，Python，C++。4.对Market Micro-structure有深入研究。5.对Order Book Modelling，Execution Optimisation有深入研究。6.熟悉中国二级交易市场（期货，证券）。7.对金融交易，信息技术科技有浓厚兴趣并且愿意了解最新行业发展福利待遇：1、享受法定节假日，周末双休2、底薪 8000-15000，年底三薪，按绩效3、入公司第二年开始享受策略提成，逐年递增4、重要节假日福利，发放礼品等5、定期体检、不定期团队活动 旅游 聚餐+公司活动工作地址：                            杭州拱墅区城西银泰b-1402"
Python软件开发工程师,杭州筑龙信息技术股份有限公司,15001-20000元/月,杭州-滨江区,2017-12-11 10:05:57,"岗位职责：1.搜索引擎elastic search的开发；2.负责网络爬虫的开发；3.网络爬虫架构设计、功能开发及优化和更新；4.爬虫和搜索引擎的日常维护，如服务器环境搭建，项目部署等。任职要求：1.了解Elastic Search 或Apache Lucene搜索引擎；2.了解主流的python爬虫框架，如 pyspider，scrapy等；3.了解python的web框架，如Tornado、Flask 、Django等和bootstrap， 能否写简单的javaScript；4.能够使用正则表达式，css selector 和xpath 进行网页数据提取；5.了解数据库的操作；6.了解linux服务器的架设； 7.有一定的英语阅读功底，能够阅读英文文档。我们将为您提供：1、无责任底薪，试用期缴纳五险一金；2、奖励机制：高额年终奖；3、节日福利，运动会、各类兴趣社团、旅游统统都有！4、带薪年假、餐费补贴、话费补贴、交通补贴、员工单间宿舍应有尽有！5、年度体检，健健康康上班。6、技能培训、管理培训、员工分享，跟随时代潮流。7、一天7小时工作，不加班，爽翻天。工作地址：                            浙江省杭州市滨江区江南大道3688号潮人汇大厦10楼                                                        查看职位地图"
python工程师/爬虫,浙江中恩通信技术有限公司,6000-12000元/月,杭州,2017-12-15 09:23:27,"岗位职责：1、负责所需网站信息高效采集与正确解析；2、负责网页爬虫架构设计与核心技术研发；3、设计策略和算法，提升网页抓取的效率和质量，进一步解决系统的网页排重、垃圾控制、资源划分等问题；4、分析爬虫系统的技术缺陷，对策略架构做出合理地调整和改进。职位要求：1、计算机或相关专业本科以上学历，一年以上的相关经验；2、熟练掌握Java Web开发技术，Java基础知识扎实；3、熟悉SQL语言，具有SQL Server、Oracle、MySQL等其中任意一种数据库使用经验者优先考虑；4、精通网页爬虫、分布式、多线程开发技术者优先；5、有搜索相关领域如网页抓取/解析、信息挖掘、统计分析等研发经验者优先；6、具有很强的分析和解决问题的能力，攻克难题的强烈兴趣，善于学习。工作地址：                            杭州西湖区翠柏路7号杭州电子商务产业园408室  公交车站：翠苑一区                                                        查看职位地图"
高级python开发工程师,浙江核新同花顺网络信息股份有限公司,15000-30000元/月,杭州,2017-05-27 14:57:21,"岗位职责：1. 负责同花顺问财人工智能项目的平台化开发工作2. 完成同花顺金融知识图谱的相关开发需求3. 能解决机器学习相关问题与困难 岗位要求：1.要求重点大学本科及以上学历2.3年以上互联网大中型Web项目开发经验，参与过服务器架构设计，熟悉高并发、高流量场景，互联公司项目经验优先3.熟悉Python，有实际Python项目开发经验者优先4.熟悉Linux系统，能熟练运用awk等常用shell工具，且具有分析系统瓶颈的能力5.熟悉MySQL、PostgreSQL、Redis等常见数据库和缓存6.不限制自己的技术栈，敢于尝试新的技术和自己不擅长的领域7.具有较强的自我驱动性，追求做事效率，善于使用工具管理自己任务者优先工作地址：                            杭州市余杭区文一西路荆常大道交叉口同花顺新大楼                                                        查看职位地图"
高级python爬虫工程师,杭州搜影科技有限公司,15000-30000元/月,杭州,2017-12-09 15:45:44,"岗位职责： 1. 负责设计和开发分布式的网络爬虫，能独立解决实际开发过程碰到的各类问题2. 负责网页信息抽取技术算法的研究和开发， 提升数据抓取的效率和质量3. 负责爬取数据的解析入库，爬虫系统的监控和异常警报4. 负责数据处理和特征提取，训练风控模型任职要求：1. 精通Java、Python、服务端JavaScript语言之一，有多线程开发经验。2. 良好的编程习惯和算法基础。3. 2年以上编写网络爬虫经验，熟悉爬虫的设计及实现流程。4. 熟悉HTTP等协议，了解web认证机制，Session机制。5. 了解各种Web前端技术，包括HTML／XML／CSS／JavaScript／AJAX／JSON等。6. 熟悉正则表达式，XPATH，CSS选择器，能够从结构化和非机构化的数据中获取信息。7. 工作认真责任心强，良好的沟通和团队合作能力。工作地址：                            杭州市西湖区文一西路522号西溪科创园9号楼301（西）                                                        查看职位地图"
